Field,ID,Type (Тип),default,en-us,en,ru,ru-ru,kk-kz,de-de,it-it,tg-cyrl-tj,uz-latn-uz,fr-fr
Description,2,Текст,,"Preparing project context for an AI chat takes more time than it should. DevProjex speeds that up: open a folder or repository, choose what to include, and get a project tree or file contents with a live preview before copying.
Smart Ignore and .gitignore support filter out noise automatically — dependencies, system folders, build artifacts. The tree exports to ASCII or JSON. Works with any stack and any codebase size.
For Git repositories: clone, switch branches, pull updates to local cache. For large projects: search and filtering, a progress bar with cancellation, and live metrics in the status bar — lines, characters, and estimated token count.
Local profiles let you save different settings for different projects.
Read-only by design: source files are never modified, no telemetry is collected, no account required. Source code is available on GitHub.","Preparing project context for an AI chat takes more time than it should. DevProjex speeds that up: open a folder or repository, choose what to include, and get a project tree or file contents with a live preview before copying.
Smart Ignore and .gitignore support filter out noise automatically — dependencies, system folders, build artifacts. The tree exports to ASCII or JSON. Works with any stack and any codebase size.
For Git repositories: clone, switch branches, pull updates to local cache. For large projects: search and filtering, a progress bar with cancellation, and live metrics in the status bar — lines, characters, and estimated token count.
Local profiles let you save different settings for different projects.
Read-only by design: source files are never modified, no telemetry is collected, no account required. Source code is available on GitHub.","Подготовить контекст проекта для ИИ-чата — задача, которая занимает больше времени, чем хотелось бы. DevProjex ускоряет её: открываете папку или репозиторий, выбираете что включить — и получаете готовое дерево или содержимое файлов с превью перед копированием.
Smart Ignore и поддержка .gitignore убирают лишнее автоматически: системные папки, зависимости, мусор. Дерево экспортируется в ASCII или JSON. Работает с любым стеком и любым размером кодовой базы.
Для Git-репозиториев: клонирование, переключение веток, обновление локального кэша. Для больших проектов — поиск и фильтрация, прогресс-бар с отменой, живые метрики в статус-баре: строки, символы, примерное число токенов.
Локальные профили позволяют сохранять разные настройки для разных проектов.
Приложение работает в режиме только чтения: файлы не изменяются, телеметрия не собирается, аккаунт не нужен. Исходный код открыт на GitHub.","Подготовить контекст проекта для ИИ-чата — задача, которая занимает больше времени, чем хотелось бы. DevProjex ускоряет её: открываете папку или репозиторий, выбираете что включить — и получаете готовое дерево или содержимое файлов с превью перед копированием.
Smart Ignore и поддержка .gitignore убирают лишнее автоматически: системные папки, зависимости, мусор. Дерево экспортируется в ASCII или JSON. Работает с любым стеком и любым размером кодовой базы.
Для Git-репозиториев: клонирование, переключение веток, обновление локального кэша. Для больших проектов — поиск и фильтрация, прогресс-бар с отменой, живые метрики в статус-баре: строки, символы, примерное число токенов.
Локальные профили позволяют сохранять разные настройки для разных проектов.
Приложение работает в режиме только чтения: файлы не изменяются, телеметрия не собирается, аккаунт не нужен. Исходный код открыт на GitHub.","AI чат үшін жоба контекстін дайындау қажет болғаннан көп уақыт алады. DevProjex мұны жылдамдатады: қалтаны немесе репозиторийді ашасыз, нені қосу керегін таңдайсыз және көшіру алдында live preview арқылы жоба ағашын не файл мазмұнын аласыз.
Smart Ignore және .gitignore қолдауы артық нәрсені автоматты түрде сүзеді - тәуелділіктер, жүйелік қалталар, build артефактілері. Ағаш ASCII немесе JSON пішімінде экспортталады. Кез келген стекпен және кез келген көлемдегі codebase-пен жұмыс істейді.
Git репозиторийлері үшін: клондау, branch ауыстыру, жаңартуларды жергілікті кэшке алу. Үлкен жобалар үшін: іздеу және сүзгілеу, болдырмауы бар progress bar және status bar-дағы тірі метрикалар - жолдар, таңбалар және токендердің шамамен саны.
Жергілікті профильдер әртүрлі жобалар үшін әртүрлі параметрлерді сақтауға мүмкіндік береді.
Қолданба тек оқу режимінде жұмыс істейді: бастапқы файлдар ешқашан өзгертілмейді, телеметрия жиналмайды, аккаунт қажет емес. Бастапқы код GitHub-та ашық.","Die Vorbereitung von Projektkontext für einen KI-Chat kostet mehr Zeit, als sie sollte. DevProjex beschleunigt das: Öffnen Sie einen Ordner oder ein Repository, wählen Sie aus, was einbezogen werden soll, und erhalten Sie einen Projektbaum oder Dateiinhalte mit Live-Vorschau vor dem Kopieren.
Smart Ignore und die Unterstützung für .gitignore filtern unnötiges Rauschen automatisch heraus - Abhängigkeiten, Systemordner, Build-Artefakte. Der Baum lässt sich als ASCII oder JSON exportieren. Funktioniert mit jedem Stack und jeder Größe von Codebasen.
Für Git-Repositories: klonen, Branches wechseln, Updates in den lokalen Cache laden. Für große Projekte: Suche und Filterung, eine Fortschrittsleiste mit Abbruch sowie Live-Metriken in der Statusleiste - Zeilen, Zeichen und geschätzte Tokenzahl.
Lokale Profile ermöglichen es, unterschiedliche Einstellungen für unterschiedliche Projekte zu speichern.
Standardmäßig schreibgeschützt: Quelldateien werden nie verändert, es wird keine Telemetrie erfasst und kein Konto benötigt. Der Quellcode ist auf GitHub verfügbar.","Preparare il contesto di un progetto per una chat IA richiede più tempo del dovuto. DevProjex accelera il processo: apri una cartella o un repository, scegli cosa includere e ottieni l'albero del progetto o il contenuto dei file con anteprima live prima della copia.
Smart Ignore e il supporto a .gitignore filtrano automaticamente il rumore inutile - dipendenze, cartelle di sistema, artefatti di build. L'albero si esporta in ASCII o JSON. Funziona con qualsiasi stack e con codebase di qualsiasi dimensione.
Per i repository Git: clonazione, cambio di branch, aggiornamento della cache locale. Per i progetti grandi: ricerca e filtraggio, barra di avanzamento con annullamento e metriche live nella barra di stato - righe, caratteri e numero stimato di token.
I profili locali consentono di salvare impostazioni diverse per progetti diversi.
Read-only by design: i file sorgente non vengono mai modificati, non viene raccolta telemetria e non serve alcun account. Il codice sorgente è disponibile su GitHub.","Омода кардани контексти лоиҳа барои AI-чат бештар аз он вақт мегирад, ки мехостед. DevProjex инро тез мекунад: ҷузвдон ё репозиториро мекушоед, интихоб мекунед, ки чӣ ворид шавад, ва пеш аз нусха бо пешнамоиши зинда дарахти лоиҳа ё мундариҷаи файлҳоро мегиред.
Smart Ignore ва дастгирии .gitignore чизҳои зиёдатиро худкор хориҷ мекунанд - вобастагиҳо, ҷузвдонҳои система, артефактҳои build. Дарахт ба ASCII ё JSON содир мешавад. Бо ҳар гуна стек ва бо ҳар андозаи codebase кор мекунад.
Барои репозиторийҳои Git: клон кардан, иваз кардани branch, гирифтани навсозиҳо ба кеши маҳаллӣ. Барои лоиҳаҳои калон: ҷустуҷӯ ва филтркунӣ, progress bar бо имкони бекоркунӣ ва метрикаҳои зинда дар status bar - сатрҳо, аломатҳо ва шумораи тахминии токенҳо.
Профилҳои маҳаллӣ имкон медиҳанд, ки барои лоиҳаҳои гуногун танзимоти гуногун нигоҳ дошта шаванд.
Барнома дар реҷаи танҳо хондан кор мекунад: файлҳои манбаъ ҳеҷ гоҳ тағйир дода намешаванд, телеметрия ҷамъ намешавад ва аккаунт лозим нест. Коди манбаъ дар GitHub дастрас аст.","AI chat uchun loyiha kontekstini tayyorlash ko‘pincha kerakligidan ko‘proq vaqt oladi. DevProjex buni tezlashtiradi: papka yoki repozitoriyani ochasiz, nimani kiritishni tanlaysiz va nusxalashdan oldin live preview bilan loyiha daraxti yoki fayl mazmunini olasiz.
Smart Ignore va .gitignore qo‘llovi keraksiz narsalarni avtomatik olib tashlaydi - bog‘liqliklar, tizim papkalari, build artefaktlari. Daraxt ASCII yoki JSON ko‘rinishida eksport qilinadi. Istalgan stek va istalgan hajmdagi codebase bilan ishlaydi.
Git repozitoriylari uchun: klonlash, branch almashtirish, yangilanishlarni lokal keshga olish. Katta loyihalar uchun: qidiruv va filtrlash, bekor qilish imkoniga ega progress bar va status barda jonli metrikalar - satrlar, belgilar va taxminiy tokenlar soni.
Lokal profillar turli loyihalar uchun turli sozlamalarni saqlashga imkon beradi.
Ilova read-only rejimida ishlaydi: manba fayllar o‘zgartirilmaydi, telemetriya yig‘ilmaydi, akkaunt kerak emas. Manba kod GitHub’da ochiq.","Préparer le contexte d’un projet pour un chat IA prend plus de temps que nécessaire. DevProjex accélère cela : ouvrez un dossier ou un dépôt, choisissez ce qu’il faut inclure et obtenez une arborescence du projet ou le contenu des fichiers avec un aperçu en direct avant la copie.
Smart Ignore et la prise en charge de .gitignore filtrent automatiquement le bruit inutile - dépendances, dossiers système, artefacts de build. L’arborescence s’exporte en ASCII ou en JSON. Fonctionne avec n’importe quelle stack et pour toute taille de base de code.
Pour les dépôts Git : clonage, changement de branche, récupération des mises à jour dans le cache local. Pour les grands projets : recherche et filtrage, barre de progression avec annulation, et métriques en direct dans la barre d’état - lignes, caractères et estimation du nombre de tokens.
Les profils locaux permettent d’enregistrer des paramètres différents pour différents projets.
Conçu en lecture seule : les fichiers source ne sont jamais modifiés, aucune télémétrie n’est collectée et aucun compte n’est requis. Le code source est disponible sur GitHub."
ReleaseNotes,3,Текст,,"Reworked preview mode — the final result is visible immediately, without extra steps. Introduced a clearer context-building workflow. Improved UI smoothness and stability on large projects. Updated help content.","Reworked preview mode — the final result is visible immediately, without extra steps. Introduced a clearer context-building workflow. Improved UI smoothness and stability on large projects. Updated help content.","Переработан режим превью — финальный результат виден сразу, без лишних шагов. Добавлен более чёткий сценарий сборки контекста. Улучшена плавность интерфейса и стабильность на больших проектах. Обновлена справка.","Переработан режим превью — финальный результат виден сразу, без лишних шагов. Добавлен более чёткий сценарий сборки контекста. Улучшена плавность интерфейса и стабильность на больших проектах. Обновлена справка.",Алдын ала қарау режимі қайта жасалды - соңғы нәтиже артық қадамдарсыз бірден көрінеді. Контекст жинау сценарийі анығырақ болды. Интерфейс тегістігі мен үлкен жобалардағы тұрақтылық жақсарды. Анықтама жаңартылды.,"Der Vorschaumodus wurde überarbeitet - das Endergebnis ist sofort sichtbar, ohne zusätzliche Schritte. Der Workflow zum Erstellen von Kontext wurde klarer. Die UI läuft flüssiger und ist bei großen Projekten stabiler. Die Hilfe wurde aktualisiert.","La modalità anteprima è stata rielaborata: il risultato finale è visibile subito, senza passaggi extra. Il flusso di preparazione del contesto è ora più chiaro. Migliorate fluidità dell’interfaccia e stabilità sui progetti grandi. Guida aggiornata.","Режими пешнамоиш аз нав коркард шуд - натиҷаи ниҳоӣ фавран, бе қадамҳои зиёдатӣ намоён аст. Ҷараёни омода кардани контекст равшантар шуд. Ҳамвории интерфейс ва устуворӣ дар лоиҳаҳои калон беҳтар гардид. Ёрӣ нав шуд.",Preview rejimi qayta ishlangan - yakuniy natija ortiqcha qadamlarsiz darhol ko‘rinadi. Kontekst tayyorlash jarayoni aniqroq qilindi. Interfeys silliqligi va katta loyihalardagi barqarorlik yaxshilandi. Yordam yangilandi.,"Le mode aperçu a été repensé - le résultat final est visible immédiatement, sans étapes inutiles. Le workflow de préparation du contexte a été clarifié. L’interface est plus fluide et plus stable sur les grands projets. L’aide a été mise à jour."
Title,4,Текст,,DevProjex,DevProjex,DevProjex,DevProjex,DevProjex,DevProjex,DevProjex,DevProjex,DevProjex,DevProjex
ShortTitle,5,Текст,,,,,,,,,,,
SortTitle,6,Текст,,,,,,,,,,,
VoiceTitle,7,Текст,,,,,,,,,,,
ShortDescription,8,Текст,,"Project tree and file contents — ready context for AI chat. ASCII/JSON export, Smart Ignore, .gitignore, Git support. Preview before copying. Read-only, no telemetry.","Project tree and file contents — ready context for AI chat. ASCII/JSON export, Smart Ignore, .gitignore, Git support. Preview before copying. Read-only, no telemetry.","Дерево проекта и содержимое файлов — готовый контекст для ИИ-чата. ASCII/JSON-экспорт, Smart Ignore, .gitignore, Git-поддержка. Превью перед копированием. Только чтение, без телеметрии.","Дерево проекта и содержимое файлов — готовый контекст для ИИ-чата. ASCII/JSON-экспорт, Smart Ignore, .gitignore, Git-поддержка. Превью перед копированием. Только чтение, без телеметрии.","Жоба ағашы мен файл мазмұны - AI чатқа дайын контекст. ASCII/JSON экспорт, Smart Ignore, .gitignore, Git қолдауы. Көшіру алдында алдын ала қарау. Тек оқу, телеметриясыз.","Projektbaum und Dateiinhalte - fertiger Kontext für einen KI-Chat. ASCII/JSON-Export, Smart Ignore, .gitignore, Git-Unterstützung. Vorschau vor dem Kopieren. Nur Lesen, keine Telemetrie.","Albero del progetto e contenuto dei file - contesto pronto per una chat IA. Export ASCII/JSON, Smart Ignore, .gitignore, supporto Git. Anteprima prima della copia. Sola lettura, senza telemetria.","Дарахти лоиҳа ва мундариҷаи файлҳо - контексти тайёр барои AI-чат. Содироти ASCII/JSON, Smart Ignore, .gitignore, дастгирии Git. Пешнамоиш пеш аз нусха. Танҳо хондан, бе телеметрия.","Loyiha daraxti va fayl mazmuni - AI chat uchun tayyor kontekst. ASCII/JSON eksport, Smart Ignore, .gitignore, Git qo‘llovi. Nusxalashdan oldin preview. Faqat o‘qish, telemetriyasiz.","Arborescence du projet et contenu des fichiers - contexte prêt pour un chat IA. Export ASCII/JSON, Smart Ignore, .gitignore, prise en charge Git. Aperçu avant copie. Lecture seule, sans télémétrie."
DevStudio,9,Текст,,Avazbek Olimov,Avazbek Olimov,Avazbek Olimov,Avazbek Olimov,Avazbek Olimov,Avazbek Olimov,Avazbek Olimov,Avazbek Olimov,Avazbek Olimov,Avazbek Olimov
CopyrightTrademarkInformation,12,Текст,,© 2026 Avazbek Olimov,© 2026 Avazbek Olimov,© 2026 Avazbek Olimov,© 2026 Avazbek Olimov,© 2026 Avazbek Olimov,© 2026 Avazbek Olimov,© 2026 Avazbek Olimov,© 2026 Avazbek Olimov,© 2026 Avazbek Olimov,© 2026 Avazbek Olimov
AdditionalLicenseTerms,13,Текст,,,,,,,,,,,
DesktopScreenshot1,100,Относительный путь (или URL-адрес файла в Центре партнеров),,ImportFolder/Screenshots/1_Main/EN.png,ImportFolder/Screenshots/1_Main/EN.png,ImportFolder/Screenshots/1_Main/RU.png,ImportFolder/Screenshots/1_Main/RU.png,ImportFolder/Screenshots/1_Main/KK.png,ImportFolder/Screenshots/1_Main/DE.png,ImportFolder/Screenshots/1_Main/IT.png,ImportFolder/Screenshots/1_Main/TG.png,ImportFolder/Screenshots/1_Main/UZ.png,ImportFolder/Screenshots/1_Main/FR.png
DesktopScreenshot2,101,Относительный путь (или URL-адрес файла в Центре партнеров),,ImportFolder/Screenshots/2_Loaded_Project/EN.png,ImportFolder/Screenshots/2_Loaded_Project/EN.png,ImportFolder/Screenshots/2_Loaded_Project/RU.png,ImportFolder/Screenshots/2_Loaded_Project/RU.png,ImportFolder/Screenshots/2_Loaded_Project/KK.png,ImportFolder/Screenshots/2_Loaded_Project/DE.png,ImportFolder/Screenshots/2_Loaded_Project/IT.png,ImportFolder/Screenshots/2_Loaded_Project/TG.png,ImportFolder/Screenshots/2_Loaded_Project/UZ.png,ImportFolder/Screenshots/2_Loaded_Project/FR.png
DesktopScreenshot3,102,Относительный путь (или URL-адрес файла в Центре партнеров),,ImportFolder/Screenshots/3_Tree_Preview/EN.png,ImportFolder/Screenshots/3_Tree_Preview/EN.png,ImportFolder/Screenshots/3_Tree_Preview/RU.png,ImportFolder/Screenshots/3_Tree_Preview/RU.png,ImportFolder/Screenshots/3_Tree_Preview/KK.png,ImportFolder/Screenshots/3_Tree_Preview/DE.png,ImportFolder/Screenshots/3_Tree_Preview/IT.png,ImportFolder/Screenshots/3_Tree_Preview/TG.png,ImportFolder/Screenshots/3_Tree_Preview/UZ.png,ImportFolder/Screenshots/3_Tree_Preview/FR.png
DesktopScreenshot4,103,Относительный путь (или URL-адрес файла в Центре партнеров),,ImportFolder/Screenshots/4_Filter_Preview/EN.png,ImportFolder/Screenshots/4_Filter_Preview/EN.png,ImportFolder/Screenshots/4_Filter_Preview/RU.png,ImportFolder/Screenshots/4_Filter_Preview/RU.png,ImportFolder/Screenshots/4_Filter_Preview/KK.png,ImportFolder/Screenshots/4_Filter_Preview/DE.png,ImportFolder/Screenshots/4_Filter_Preview/IT.png,ImportFolder/Screenshots/4_Filter_Preview/TG.png,ImportFolder/Screenshots/4_Filter_Preview/UZ.png,ImportFolder/Screenshots/4_Filter_Preview/FR.png
DesktopScreenshot5,104,Относительный путь (или URL-адрес файла в Центре партнеров),,ImportFolder/Screenshots/5_Tree_Preview_Settings/EN.png,ImportFolder/Screenshots/5_Tree_Preview_Settings/EN.png,ImportFolder/Screenshots/5_Tree_Preview_Settings/RU.png,ImportFolder/Screenshots/5_Tree_Preview_Settings/RU.png,ImportFolder/Screenshots/5_Tree_Preview_Settings/KK.png,ImportFolder/Screenshots/5_Tree_Preview_Settings/DE.png,ImportFolder/Screenshots/5_Tree_Preview_Settings/IT.png,ImportFolder/Screenshots/5_Tree_Preview_Settings/TG.png,ImportFolder/Screenshots/5_Tree_Preview_Settings/UZ.png,ImportFolder/Screenshots/5_Tree_Preview_Settings/FR.png
DesktopScreenshot6,105,Относительный путь (или URL-адрес файла в Центре партнеров),,,,,,,,,,,
DesktopScreenshot7,106,Относительный путь (или URL-адрес файла в Центре партнеров),,,,,,,,,,,
DesktopScreenshot8,107,Относительный путь (или URL-адрес файла в Центре партнеров),,,,,,,,,,,
DesktopScreenshot9,108,Относительный путь (или URL-адрес файла в Центре партнеров),,,,,,,,,,,
DesktopScreenshot10,109,Относительный путь (или URL-адрес файла в Центре партнеров),,,,,,,,,,,
DesktopScreenshot11,110,Относительный путь (или URL-адрес файла в Центре партнеров),,,,,,,,,,,
DesktopScreenshot12,111,Относительный путь (или URL-адрес файла в Центре партнеров),,,,,,,,,,,
DesktopScreenshot13,112,Относительный путь (или URL-адрес файла в Центре партнеров),,,,,,,,,,,
DesktopScreenshot14,113,Относительный путь (или URL-адрес файла в Центре партнеров),,,,,,,,,,,
DesktopScreenshot15,114,Относительный путь (или URL-адрес файла в Центре партнеров),,,,,,,,,,,
DesktopScreenshot16,115,Относительный путь (или URL-адрес файла в Центре партнеров),,,,,,,,,,,
DesktopScreenshot17,116,Относительный путь (или URL-адрес файла в Центре партнеров),,,,,,,,,,,
DesktopScreenshot18,117,Относительный путь (или URL-адрес файла в Центре партнеров),,,,,,,,,,,
DesktopScreenshot19,118,Относительный путь (или URL-адрес файла в Центре партнеров),,,,,,,,,,,
DesktopScreenshot20,119,Относительный путь (или URL-адрес файла в Центре партнеров),,,,,,,,,,,
DesktopScreenshot21,120,Относительный путь (или URL-адрес файла в Центре партнеров),,,,,,,,,,,
DesktopScreenshot22,121,Относительный путь (или URL-адрес файла в Центре партнеров),,,,,,,,,,,
DesktopScreenshot23,122,Относительный путь (или URL-адрес файла в Центре партнеров),,,,,,,,,,,
DesktopScreenshot24,123,Относительный путь (или URL-адрес файла в Центре партнеров),,,,,,,,,,,
DesktopScreenshot25,124,Относительный путь (или URL-адрес файла в Центре партнеров),,,,,,,,,,,
DesktopScreenshot26,125,Относительный путь (или URL-адрес файла в Центре партнеров),,,,,,,,,,,
DesktopScreenshot27,126,Относительный путь (или URL-адрес файла в Центре партнеров),,,,,,,,,,,
DesktopScreenshot28,127,Относительный путь (или URL-адрес файла в Центре партнеров),,,,,,,,,,,
DesktopScreenshot29,128,Относительный путь (или URL-адрес файла в Центре партнеров),,,,,,,,,,,
DesktopScreenshot30,129,Относительный путь (или URL-адрес файла в Центре партнеров),,,,,,,,,,,
DesktopScreenshotCaption1,150,Текст,,,,,,,,,,,
DesktopScreenshotCaption2,151,Текст,,,,,,,,,,,
DesktopScreenshotCaption3,152,Текст,,,,,,,,,,,
DesktopScreenshotCaption4,153,Текст,,,,,,,,,,,
DesktopScreenshotCaption5,154,Текст,,,,,,,,,,,
DesktopScreenshotCaption6,155,Текст,,,,,,,,,,,
DesktopScreenshotCaption7,156,Текст,,,,,,,,,,,
DesktopScreenshotCaption8,157,Текст,,,,,,,,,,,
DesktopScreenshotCaption9,158,Текст,,,,,,,,,,,
DesktopScreenshotCaption10,159,Текст,,,,,,,,,,,
DesktopScreenshotCaption11,160,Текст,,,,,,,,,,,
DesktopScreenshotCaption12,161,Текст,,,,,,,,,,,
DesktopScreenshotCaption13,162,Текст,,,,,,,,,,,
DesktopScreenshotCaption14,163,Текст,,,,,,,,,,,
DesktopScreenshotCaption15,164,Текст,,,,,,,,,,,
DesktopScreenshotCaption16,165,Текст,,,,,,,,,,,
DesktopScreenshotCaption17,166,Текст,,,,,,,,,,,
DesktopScreenshotCaption18,167,Текст,,,,,,,,,,,
DesktopScreenshotCaption19,168,Текст,,,,,,,,,,,
DesktopScreenshotCaption20,169,Текст,,,,,,,,,,,
DesktopScreenshotCaption21,170,Текст,,,,,,,,,,,
DesktopScreenshotCaption22,171,Текст,,,,,,,,,,,
DesktopScreenshotCaption23,172,Текст,,,,,,,,,,,
DesktopScreenshotCaption24,173,Текст,,,,,,,,,,,
DesktopScreenshotCaption25,174,Текст,,,,,,,,,,,
DesktopScreenshotCaption26,175,Текст,,,,,,,,,,,
DesktopScreenshotCaption27,176,Текст,,,,,,,,,,,
DesktopScreenshotCaption28,177,Текст,,,,,,,,,,,
DesktopScreenshotCaption29,178,Текст,,,,,,,,,,,
DesktopScreenshotCaption30,179,Текст,,,,,,,,,,,
MobileScreenshot1,200,Относительный путь (или URL-адрес файла в Центре партнеров),,,,,,,,,,,
MobileScreenshot2,201,Относительный путь (или URL-адрес файла в Центре партнеров),,,,,,,,,,,
MobileScreenshot3,202,Относительный путь (или URL-адрес файла в Центре партнеров),,,,,,,,,,,
MobileScreenshot4,203,Относительный путь (или URL-адрес файла в Центре партнеров),,,,,,,,,,,
MobileScreenshot5,204,Относительный путь (или URL-адрес файла в Центре партнеров),,,,,,,,,,,
MobileScreenshot6,205,Относительный путь (или URL-адрес файла в Центре партнеров),,,,,,,,,,,
MobileScreenshot7,206,Относительный путь (или URL-адрес файла в Центре партнеров),,,,,,,,,,,
MobileScreenshot8,207,Относительный путь (или URL-адрес файла в Центре партнеров),,,,,,,,,,,
MobileScreenshot9,208,Относительный путь (или URL-адрес файла в Центре партнеров),,,,,,,,,,,
MobileScreenshot10,209,Относительный путь (или URL-адрес файла в Центре партнеров),,,,,,,,,,,
MobileScreenshot11,210,Относительный путь (или URL-адрес файла в Центре партнеров),,,,,,,,,,,
MobileScreenshot12,211,Относительный путь (или URL-адрес файла в Центре партнеров),,,,,,,,,,,
MobileScreenshot13,212,Относительный путь (или URL-адрес файла в Центре партнеров),,,,,,,,,,,
MobileScreenshot14,213,Относительный путь (или URL-адрес файла в Центре партнеров),,,,,,,,,,,
MobileScreenshot15,214,Относительный путь (или URL-адрес файла в Центре партнеров),,,,,,,,,,,
MobileScreenshot16,215,Относительный путь (или URL-адрес файла в Центре партнеров),,,,,,,,,,,
MobileScreenshot17,216,Относительный путь (или URL-адрес файла в Центре партнеров),,,,,,,,,,,
MobileScreenshot18,217,Относительный путь (или URL-адрес файла в Центре партнеров),,,,,,,,,,,
MobileScreenshot19,218,Относительный путь (или URL-адрес файла в Центре партнеров),,,,,,,,,,,
MobileScreenshot20,219,Относительный путь (или URL-адрес файла в Центре партнеров),,,,,,,,,,,
MobileScreenshot21,220,Относительный путь (или URL-адрес файла в Центре партнеров),,,,,,,,,,,
MobileScreenshot22,221,Относительный путь (или URL-адрес файла в Центре партнеров),,,,,,,,,,,
MobileScreenshot23,222,Относительный путь (или URL-адрес файла в Центре партнеров),,,,,,,,,,,
MobileScreenshot24,223,Относительный путь (или URL-адрес файла в Центре партнеров),,,,,,,,,,,
MobileScreenshot25,224,Относительный путь (или URL-адрес файла в Центре партнеров),,,,,,,,,,,
MobileScreenshot26,225,Относительный путь (или URL-адрес файла в Центре партнеров),,,,,,,,,,,
MobileScreenshot27,226,Относительный путь (или URL-адрес файла в Центре партнеров),,,,,,,,,,,
MobileScreenshot28,227,Относительный путь (или URL-адрес файла в Центре партнеров),,,,,,,,,,,
MobileScreenshot29,228,Относительный путь (или URL-адрес файла в Центре партнеров),,,,,,,,,,,
MobileScreenshot30,229,Относительный путь (или URL-адрес файла в Центре партнеров),,,,,,,,,,,
MobileScreenshotCaption1,250,Текст,,,,,,,,,,,
MobileScreenshotCaption2,251,Текст,,,,,,,,,,,
MobileScreenshotCaption3,252,Текст,,,,,,,,,,,
MobileScreenshotCaption4,253,Текст,,,,,,,,,,,
MobileScreenshotCaption5,254,Текст,,,,,,,,,,,
MobileScreenshotCaption6,255,Текст,,,,,,,,,,,
MobileScreenshotCaption7,256,Текст,,,,,,,,,,,
MobileScreenshotCaption8,257,Текст,,,,,,,,,,,
MobileScreenshotCaption9,258,Текст,,,,,,,,,,,
MobileScreenshotCaption10,259,Текст,,,,,,,,,,,
MobileScreenshotCaption11,260,Текст,,,,,,,,,,,
MobileScreenshotCaption12,261,Текст,,,,,,,,,,,
MobileScreenshotCaption13,262,Текст,,,,,,,,,,,
MobileScreenshotCaption14,263,Текст,,,,,,,,,,,
MobileScreenshotCaption15,264,Текст,,,,,,,,,,,
MobileScreenshotCaption16,265,Текст,,,,,,,,,,,
MobileScreenshotCaption17,266,Текст,,,,,,,,,,,
MobileScreenshotCaption18,267,Текст,,,,,,,,,,,
MobileScreenshotCaption19,268,Текст,,,,,,,,,,,
MobileScreenshotCaption20,269,Текст,,,,,,,,,,,
MobileScreenshotCaption21,270,Текст,,,,,,,,,,,
MobileScreenshotCaption22,271,Текст,,,,,,,,,,,
MobileScreenshotCaption23,272,Текст,,,,,,,,,,,
MobileScreenshotCaption24,273,Текст,,,,,,,,,,,
MobileScreenshotCaption25,274,Текст,,,,,,,,,,,
MobileScreenshotCaption26,275,Текст,,,,,,,,,,,
MobileScreenshotCaption27,276,Текст,,,,,,,,,,,
MobileScreenshotCaption28,277,Текст,,,,,,,,,,,
MobileScreenshotCaption29,278,Текст,,,,,,,,,,,
MobileScreenshotCaption30,279,Текст,,,,,,,,,,,
XboxScreenshot1,300,Относительный путь (или URL-адрес файла в Центре партнеров),,,,,,,,,,,
XboxScreenshot2,301,Относительный путь (или URL-адрес файла в Центре партнеров),,,,,,,,,,,
XboxScreenshot3,302,Относительный путь (или URL-адрес файла в Центре партнеров),,,,,,,,,,,
XboxScreenshot4,303,Относительный путь (или URL-адрес файла в Центре партнеров),,,,,,,,,,,
XboxScreenshot5,304,Относительный путь (или URL-адрес файла в Центре партнеров),,,,,,,,,,,
XboxScreenshot6,305,Относительный путь (или URL-адрес файла в Центре партнеров),,,,,,,,,,,
XboxScreenshot7,306,Относительный путь (или URL-адрес файла в Центре партнеров),,,,,,,,,,,
XboxScreenshot8,307,Относительный путь (или URL-адрес файла в Центре партнеров),,,,,,,,,,,
XboxScreenshot9,308,Относительный путь (или URL-адрес файла в Центре партнеров),,,,,,,,,,,
XboxScreenshot10,309,Относительный путь (или URL-адрес файла в Центре партнеров),,,,,,,,,,,
XboxScreenshot11,310,Относительный путь (или URL-адрес файла в Центре партнеров),,,,,,,,,,,
XboxScreenshot12,311,Относительный путь (или URL-адрес файла в Центре партнеров),,,,,,,,,,,
XboxScreenshot13,312,Относительный путь (или URL-адрес файла в Центре партнеров),,,,,,,,,,,
XboxScreenshot14,313,Относительный путь (или URL-адрес файла в Центре партнеров),,,,,,,,,,,
XboxScreenshot15,314,Относительный путь (или URL-адрес файла в Центре партнеров),,,,,,,,,,,
XboxScreenshot16,315,Относительный путь (или URL-адрес файла в Центре партнеров),,,,,,,,,,,
XboxScreenshot17,316,Относительный путь (или URL-адрес файла в Центре партнеров),,,,,,,,,,,
XboxScreenshot18,317,Относительный путь (или URL-адрес файла в Центре партнеров),,,,,,,,,,,
XboxScreenshot19,318,Относительный путь (или URL-адрес файла в Центре партнеров),,,,,,,,,,,
XboxScreenshot20,319,Относительный путь (или URL-адрес файла в Центре партнеров),,,,,,,,,,,
XboxScreenshot21,320,Относительный путь (или URL-адрес файла в Центре партнеров),,,,,,,,,,,
XboxScreenshot22,321,Относительный путь (или URL-адрес файла в Центре партнеров),,,,,,,,,,,
XboxScreenshot23,322,Относительный путь (или URL-адрес файла в Центре партнеров),,,,,,,,,,,
XboxScreenshot24,323,Относительный путь (или URL-адрес файла в Центре партнеров),,,,,,,,,,,
XboxScreenshot25,324,Относительный путь (или URL-адрес файла в Центре партнеров),,,,,,,,,,,
XboxScreenshot26,325,Относительный путь (или URL-адрес файла в Центре партнеров),,,,,,,,,,,
XboxScreenshot27,326,Относительный путь (или URL-адрес файла в Центре партнеров),,,,,,,,,,,
XboxScreenshot28,327,Относительный путь (или URL-адрес файла в Центре партнеров),,,,,,,,,,,
XboxScreenshot29,328,Относительный путь (или URL-адрес файла в Центре партнеров),,,,,,,,,,,
XboxScreenshot30,329,Относительный путь (или URL-адрес файла в Центре партнеров),,,,,,,,,,,
XboxScreenshotCaption1,350,Текст,,,,,,,,,,,
XboxScreenshotCaption2,351,Текст,,,,,,,,,,,
XboxScreenshotCaption3,352,Текст,,,,,,,,,,,
XboxScreenshotCaption4,353,Текст,,,,,,,,,,,
XboxScreenshotCaption5,354,Текст,,,,,,,,,,,
XboxScreenshotCaption6,355,Текст,,,,,,,,,,,
XboxScreenshotCaption7,356,Текст,,,,,,,,,,,
XboxScreenshotCaption8,357,Текст,,,,,,,,,,,
XboxScreenshotCaption9,358,Текст,,,,,,,,,,,
XboxScreenshotCaption10,359,Текст,,,,,,,,,,,
XboxScreenshotCaption11,360,Текст,,,,,,,,,,,
XboxScreenshotCaption12,361,Текст,,,,,,,,,,,
XboxScreenshotCaption13,362,Текст,,,,,,,,,,,
XboxScreenshotCaption14,363,Текст,,,,,,,,,,,
XboxScreenshotCaption15,364,Текст,,,,,,,,,,,
XboxScreenshotCaption16,365,Текст,,,,,,,,,,,
XboxScreenshotCaption17,366,Текст,,,,,,,,,,,
XboxScreenshotCaption18,367,Текст,,,,,,,,,,,
XboxScreenshotCaption19,368,Текст,,,,,,,,,,,
XboxScreenshotCaption20,369,Текст,,,,,,,,,,,
XboxScreenshotCaption21,370,Текст,,,,,,,,,,,
XboxScreenshotCaption22,371,Текст,,,,,,,,,,,
XboxScreenshotCaption23,372,Текст,,,,,,,,,,,
XboxScreenshotCaption24,373,Текст,,,,,,,,,,,
XboxScreenshotCaption25,374,Текст,,,,,,,,,,,
XboxScreenshotCaption26,375,Текст,,,,,,,,,,,
XboxScreenshotCaption27,376,Текст,,,,,,,,,,,
XboxScreenshotCaption28,377,Текст,,,,,,,,,,,
XboxScreenshotCaption29,378,Текст,,,,,,,,,,,
XboxScreenshotCaption30,379,Текст,,,,,,,,,,,
HolographicScreenshot1,400,Относительный путь (или URL-адрес файла в Центре партнеров),,,,,,,,,,,
HolographicScreenshot2,401,Относительный путь (или URL-адрес файла в Центре партнеров),,,,,,,,,,,
HolographicScreenshot3,402,Относительный путь (или URL-адрес файла в Центре партнеров),,,,,,,,,,,
HolographicScreenshot4,403,Относительный путь (или URL-адрес файла в Центре партнеров),,,,,,,,,,,
HolographicScreenshot5,404,Относительный путь (или URL-адрес файла в Центре партнеров),,,,,,,,,,,
HolographicScreenshot6,405,Относительный путь (или URL-адрес файла в Центре партнеров),,,,,,,,,,,
HolographicScreenshot7,406,Относительный путь (или URL-адрес файла в Центре партнеров),,,,,,,,,,,
HolographicScreenshot8,407,Относительный путь (или URL-адрес файла в Центре партнеров),,,,,,,,,,,
HolographicScreenshot9,408,Относительный путь (или URL-адрес файла в Центре партнеров),,,,,,,,,,,
HolographicScreenshot10,409,Относительный путь (или URL-адрес файла в Центре партнеров),,,,,,,,,,,
HolographicScreenshot11,410,Относительный путь (или URL-адрес файла в Центре партнеров),,,,,,,,,,,
HolographicScreenshot12,411,Относительный путь (или URL-адрес файла в Центре партнеров),,,,,,,,,,,
HolographicScreenshot13,412,Относительный путь (или URL-адрес файла в Центре партнеров),,,,,,,,,,,
HolographicScreenshot14,413,Относительный путь (или URL-адрес файла в Центре партнеров),,,,,,,,,,,
HolographicScreenshot15,414,Относительный путь (или URL-адрес файла в Центре партнеров),,,,,,,,,,,
HolographicScreenshot16,415,Относительный путь (или URL-адрес файла в Центре партнеров),,,,,,,,,,,
HolographicScreenshot17,416,Относительный путь (или URL-адрес файла в Центре партнеров),,,,,,,,,,,
HolographicScreenshot18,417,Относительный путь (или URL-адрес файла в Центре партнеров),,,,,,,,,,,
HolographicScreenshot19,418,Относительный путь (или URL-адрес файла в Центре партнеров),,,,,,,,,,,
HolographicScreenshot20,419,Относительный путь (или URL-адрес файла в Центре партнеров),,,,,,,,,,,
HolographicScreenshot21,420,Относительный путь (или URL-адрес файла в Центре партнеров),,,,,,,,,,,
HolographicScreenshot22,421,Относительный путь (или URL-адрес файла в Центре партнеров),,,,,,,,,,,
HolographicScreenshot23,422,Относительный путь (или URL-адрес файла в Центре партнеров),,,,,,,,,,,
HolographicScreenshot24,423,Относительный путь (или URL-адрес файла в Центре партнеров),,,,,,,,,,,
HolographicScreenshot25,424,Относительный путь (или URL-адрес файла в Центре партнеров),,,,,,,,,,,
HolographicScreenshot26,425,Относительный путь (или URL-адрес файла в Центре партнеров),,,,,,,,,,,
HolographicScreenshot27,426,Относительный путь (или URL-адрес файла в Центре партнеров),,,,,,,,,,,
HolographicScreenshot28,427,Относительный путь (или URL-адрес файла в Центре партнеров),,,,,,,,,,,
HolographicScreenshot29,428,Относительный путь (или URL-адрес файла в Центре партнеров),,,,,,,,,,,
HolographicScreenshot30,429,Относительный путь (или URL-адрес файла в Центре партнеров),,,,,,,,,,,
HolographicScreenshotCaption1,450,Текст,,,,,,,,,,,
HolographicScreenshotCaption2,451,Текст,,,,,,,,,,,
HolographicScreenshotCaption3,452,Текст,,,,,,,,,,,
HolographicScreenshotCaption4,453,Текст,,,,,,,,,,,
HolographicScreenshotCaption5,454,Текст,,,,,,,,,,,
HolographicScreenshotCaption6,455,Текст,,,,,,,,,,,
HolographicScreenshotCaption7,456,Текст,,,,,,,,,,,
HolographicScreenshotCaption8,457,Текст,,,,,,,,,,,
HolographicScreenshotCaption9,458,Текст,,,,,,,,,,,
HolographicScreenshotCaption10,459,Текст,,,,,,,,,,,
HolographicScreenshotCaption11,460,Текст,,,,,,,,,,,
HolographicScreenshotCaption12,461,Текст,,,,,,,,,,,
HolographicScreenshotCaption13,462,Текст,,,,,,,,,,,
HolographicScreenshotCaption14,463,Текст,,,,,,,,,,,
HolographicScreenshotCaption15,464,Текст,,,,,,,,,,,
HolographicScreenshotCaption16,465,Текст,,,,,,,,,,,
HolographicScreenshotCaption17,466,Текст,,,,,,,,,,,
HolographicScreenshotCaption18,467,Текст,,,,,,,,,,,
HolographicScreenshotCaption19,468,Текст,,,,,,,,,,,
HolographicScreenshotCaption20,469,Текст,,,,,,,,,,,
HolographicScreenshotCaption21,470,Текст,,,,,,,,,,,
HolographicScreenshotCaption22,471,Текст,,,,,,,,,,,
HolographicScreenshotCaption23,472,Текст,,,,,,,,,,,
HolographicScreenshotCaption24,473,Текст,,,,,,,,,,,
HolographicScreenshotCaption25,474,Текст,,,,,,,,,,,
HolographicScreenshotCaption26,475,Текст,,,,,,,,,,,
HolographicScreenshotCaption27,476,Текст,,,,,,,,,,,
HolographicScreenshotCaption28,477,Текст,,,,,,,,,,,
HolographicScreenshotCaption29,478,Текст,,,,,,,,,,,
HolographicScreenshotCaption30,479,Текст,,,,,,,,,,,
SurfaceHubScreenshot11,510,Относительный путь (или URL-адрес файла в Центре партнеров),,,,,,,,,,,
SurfaceHubScreenshot12,511,Относительный путь (или URL-адрес файла в Центре партнеров),,,,,,,,,,,
SurfaceHubScreenshot13,512,Относительный путь (или URL-адрес файла в Центре партнеров),,,,,,,,,,,
SurfaceHubScreenshot14,513,Относительный путь (или URL-адрес файла в Центре партнеров),,,,,,,,,,,
SurfaceHubScreenshot15,514,Относительный путь (или URL-адрес файла в Центре партнеров),,,,,,,,,,,
SurfaceHubScreenshot16,515,Относительный путь (или URL-адрес файла в Центре партнеров),,,,,,,,,,,
SurfaceHubScreenshot17,516,Относительный путь (или URL-адрес файла в Центре партнеров),,,,,,,,,,,
SurfaceHubScreenshot18,517,Относительный путь (или URL-адрес файла в Центре партнеров),,,,,,,,,,,
SurfaceHubScreenshot19,518,Относительный путь (или URL-адрес файла в Центре партнеров),,,,,,,,,,,
SurfaceHubScreenshot20,519,Относительный путь (или URL-адрес файла в Центре партнеров),,,,,,,,,,,
SurfaceHubScreenshot21,520,Относительный путь (или URL-адрес файла в Центре партнеров),,,,,,,,,,,
SurfaceHubScreenshot22,521,Относительный путь (или URL-адрес файла в Центре партнеров),,,,,,,,,,,
SurfaceHubScreenshot23,522,Относительный путь (или URL-адрес файла в Центре партнеров),,,,,,,,,,,
SurfaceHubScreenshot24,523,Относительный путь (или URL-адрес файла в Центре партнеров),,,,,,,,,,,
SurfaceHubScreenshot25,524,Относительный путь (или URL-адрес файла в Центре партнеров),,,,,,,,,,,
SurfaceHubScreenshot26,525,Относительный путь (или URL-адрес файла в Центре партнеров),,,,,,,,,,,
SurfaceHubScreenshot27,526,Относительный путь (или URL-адрес файла в Центре партнеров),,,,,,,,,,,
SurfaceHubScreenshot28,527,Относительный путь (или URL-адрес файла в Центре партнеров),,,,,,,,,,,
SurfaceHubScreenshot29,528,Относительный путь (или URL-адрес файла в Центре партнеров),,,,,,,,,,,
SurfaceHubScreenshot30,529,Относительный путь (или URL-адрес файла в Центре партнеров),,,,,,,,,,,
SurfaceHubScreenshotCaption11,560,Текст,,,,,,,,,,,
SurfaceHubScreenshotCaption12,561,Текст,,,,,,,,,,,
SurfaceHubScreenshotCaption13,562,Текст,,,,,,,,,,,
SurfaceHubScreenshotCaption14,563,Текст,,,,,,,,,,,
SurfaceHubScreenshotCaption15,564,Текст,,,,,,,,,,,
SurfaceHubScreenshotCaption16,565,Текст,,,,,,,,,,,
SurfaceHubScreenshotCaption17,566,Текст,,,,,,,,,,,
SurfaceHubScreenshotCaption18,567,Текст,,,,,,,,,,,
SurfaceHubScreenshotCaption19,568,Текст,,,,,,,,,,,
SurfaceHubScreenshotCaption20,569,Текст,,,,,,,,,,,
SurfaceHubScreenshotCaption21,570,Текст,,,,,,,,,,,
SurfaceHubScreenshotCaption22,571,Текст,,,,,,,,,,,
SurfaceHubScreenshotCaption23,572,Текст,,,,,,,,,,,
SurfaceHubScreenshotCaption24,573,Текст,,,,,,,,,,,
SurfaceHubScreenshotCaption25,574,Текст,,,,,,,,,,,
SurfaceHubScreenshotCaption26,575,Текст,,,,,,,,,,,
SurfaceHubScreenshotCaption27,576,Текст,,,,,,,,,,,
SurfaceHubScreenshotCaption28,577,Текст,,,,,,,,,,,
SurfaceHubScreenshotCaption29,578,Текст,,,,,,,,,,,
SurfaceHubScreenshotCaption30,579,Текст,,,,,,,,,,,
StoreLogo720x1080,600,Относительный путь (или URL-адрес файла в Центре партнеров),,,,,,,,,,,
StoreLogo1080x1080,601,Относительный путь (или URL-адрес файла в Центре партнеров),,,,,,,,,,,
StoreLogo300x300,602,Относительный путь (или URL-адрес файла в Центре партнеров),,,,,,https://developer.microsoft.com/en-us/dashboard/apps/9NDQ3NQ5M354/submissions/1152921505700723672/listings/1152922700024380166/listingassets/3030968744615288149,https://developer.microsoft.com/en-us/dashboard/apps/9NDQ3NQ5M354/submissions/1152921505700723672/listings/1152922700024380168/listingassets/3030968744615288149,,,,
OverrideLogosForWin10,603,True/False,,False,False,False,False,False,False,False,False,False,False
StoreLogoOverride150x150,604,Относительный путь (или URL-адрес файла в Центре партнеров),,,,,,,,,,,
StoreLogoOverride71x71,605,Относительный путь (или URL-адрес файла в Центре партнеров),,,,,,,,,,,
PromoImage1920x1080,606,Относительный путь (или URL-адрес файла в Центре партнеров),,,,,,,,,,,
PromoImage2400x1200,607,Относительный путь (или URL-адрес файла в Центре партнеров),,,,,,,,,,,
XboxBrandedKeyArt584x800,608,Относительный путь (или URL-адрес файла в Центре партнеров),,,,,,,,,,,
XboxTitledHero1920x1080,609,Относительный путь (или URL-адрес файла в Центре партнеров),,,,,,,,,,,
XboxFeaturedPromo1080x1080,610,Относительный путь (или URL-адрес файла в Центре партнеров),,,,,,,,,,,
OptionalPromo358x358,611,Относительный путь (или URL-адрес файла в Центре партнеров),,,,,,,,,,,
OptionalPromo1000x800,612,Относительный путь (или URL-адрес файла в Центре партнеров),,,,,,,,,,,
OptionalPromo414x180,613,Относительный путь (или URL-адрес файла в Центре партнеров),,,,,,,,,,,
Feature1,700,Текст,,Live preview before copying or exporting,Live preview before copying or exporting,Превью результата перед копированием или экспортом,Превью результата перед копированием или экспортом,Көшіру немесе экспорт алдында live preview,Live-Vorschau vor dem Kopieren oder Exportieren,Anteprima live prima della copia o dell’esportazione,Пешнамоиши зинда пеш аз нусха ё содирот,Nusxalash yoki eksportdan oldin live preview,Aperçu en direct avant copie ou export
Feature2,701,Текст,,"Copy and export: Tree, Contents, or Tree + Contents","Copy and export: Tree, Contents, or Tree + Contents","Копирование и экспорт: Дерево, Содержимое или Дерево + Содержимое","Копирование и экспорт: Дерево, Содержимое или Дерево + Содержимое","Көшіру және экспорт: Ағаш, Мазмұн немесе Ағаш + мазмұн","Kopieren und Exportieren: Baum, Inhalt oder Baum + Inhalt","Copia ed export: Albero, Contenuto o Albero + Contenuto","Нусха ва содирот: Дарахт, Мундариҷа ё Дарахт + мундариҷа","Nusxalash va eksport: Daraxt, Kontent yoki Daraxt + kontent","Copie et export : arborescence, contenu ou arborescence + contenu"
Feature3,702,Текст,,Tree formats: ASCII and JSON,Tree formats: ASCII and JSON,Форматы дерева: ASCII и JSON,Форматы дерева: ASCII и JSON,Ағаш форматтары: ASCII және JSON,Baumformate: ASCII und JSON,Formati dell’albero: ASCII e JSON,Форматҳои дарахт: ASCII ва JSON,Daraxt formatlari: ASCII va JSON,Formats d’arborescence : ASCII et JSON
Feature4,703,Текст,,Smart Ignore and .gitignore support,Smart Ignore and .gitignore support,Smart Ignore и поддержка .gitignore,Smart Ignore и поддержка .gitignore,Smart Ignore және .gitignore қолдауы,Smart Ignore und .gitignore-Unterstützung,Smart Ignore e supporto a .gitignore,Smart Ignore ва дастгирии .gitignore,Smart Ignore va .gitignore qo‘llovi,Smart Ignore et prise en charge de .gitignore
Feature5,704,Текст,,"Git: clone, branches, updates","Git: clone, branches, updates","Git: клонирование, ветки, обновления","Git: клонирование, ветки, обновления","Git: клондау, branch-тар, жаңартулар","Git: Klonen, Branches, Updates","Git: clonazione, branch, aggiornamenti","Git: клон кардан, branch-ҳо, навсозиҳо","Git: klonlash, branchlar, yangilanishlar","Git : clonage, branches, mises à jour"
Feature6,705,Текст,,Search and filtering for large codebases,Search and filtering for large codebases,Поиск и фильтрация для больших кодовых баз,Поиск и фильтрация для больших кодовых баз,Үлкен codebase үшін іздеу және сүзгілеу,Suche und Filterung für große Codebasen,Ricerca e filtraggio per codebase di grandi dimensioni,Ҷустуҷӯ ва филтркунӣ барои codebase-ҳои калон,Katta codebase uchun qidiruv va filtrlash,Recherche et filtrage pour les grandes bases de code
Feature7,706,Текст,,"Metrics: lines, characters, ~tokens","Metrics: lines, characters, ~tokens","Метрики: строки, символы, ~токены","Метрики: строки, символы, ~токены","Метрикалар: жолдар, таңбалар, ~токендер","Metriken: Zeilen, Zeichen, ~Token","Metriche: righe, caratteri, ~token","Метрикаҳо: сатрҳо, аломатҳо, ~токенҳо","Metrikalar: satrlar, belgilar, ~tokenlar","Métriques : lignes, caractères, ~tokens"
Feature8,707,Текст,,Local settings profiles per project,Local settings profiles per project,Локальные профили параметров для разных проектов,Локальные профили параметров для разных проектов,Әр жобаға жергілікті параметр профильдері,Lokale Einstellungsprofile pro Projekt,Profili locali delle impostazioni per progetto,Профилҳои маҳаллии танзимот барои ҳар лоиҳа,Har bir loyiha uchun lokal sozlama profillari,Profils de paramètres locaux par projet
Feature9,708,Текст,,"Read-only, no telemetry, no cloud","Read-only, no telemetry, no cloud","Только чтение, без телеметрии и облака","Только чтение, без телеметрии и облака","Тек оқу, телеметриясыз, бұлтсыз","Nur Lesen, keine Telemetrie, keine Cloud","Sola lettura, senza telemetria e senza cloud","Танҳо хондан, бе телеметрия ва бе абр","Faqat o‘qish, telemetriyasiz, bulutsiz","Lecture seule, sans télémétrie ni cloud"
Feature10,709,Текст,,,,,,,,,,,
Feature11,710,Текст,,,,,,,,,,,
Feature12,711,Текст,,,,,,,,,,,
Feature13,712,Текст,,,,,,,,,,,
Feature14,713,Текст,,,,,,,,,,,
Feature15,714,Текст,,,,,,,,,,,
Feature16,715,Текст,,,,,,,,,,,
Feature17,716,Текст,,,,,,,,,,,
Feature18,717,Текст,,,,,,,,,,,
Feature19,718,Текст,,,,,,,,,,,
Feature20,719,Текст,,,,,,,,,,,
MinimumHardwareReq1,800,Текст,,,,,,,,,,,
MinimumHardwareReq2,801,Текст,,,,,,,,,,,
MinimumHardwareReq3,802,Текст,,,,,,,,,,,
MinimumHardwareReq4,803,Текст,,,,,,,,,,,
MinimumHardwareReq5,804,Текст,,,,,,,,,,,
MinimumHardwareReq6,805,Текст,,,,,,,,,,,
MinimumHardwareReq7,806,Текст,,,,,,,,,,,
MinimumHardwareReq8,807,Текст,,,,,,,,,,,
MinimumHardwareReq9,808,Текст,,,,,,,,,,,
MinimumHardwareReq10,809,Текст,,,,,,,,,,,
MinimumHardwareReq11,810,Текст,,,,,,,,,,,
RecommendedHardwareReq1,850,Текст,,,,,,,,,,,
RecommendedHardwareReq2,851,Текст,,,,,,,,,,,
RecommendedHardwareReq3,852,Текст,,,,,,,,,,,
RecommendedHardwareReq4,853,Текст,,,,,,,,,,,
RecommendedHardwareReq5,854,Текст,,,,,,,,,,,
RecommendedHardwareReq6,855,Текст,,,,,,,,,,,
RecommendedHardwareReq7,856,Текст,,,,,,,,,,,
RecommendedHardwareReq8,857,Текст,,,,,,,,,,,
RecommendedHardwareReq9,858,Текст,,,,,,,,,,,
RecommendedHardwareReq10,859,Текст,,,,,,,,,,,
RecommendedHardwareReq11,860,Текст,,,,,,,,,,,
SearchTerm1,900,Текст,,project context,project context,контекст проекта,контекст проекта,ai контексті,projektkontext,contesto progetto,контексти лоиҳа,loyiha konteksti,contexte projet
SearchTerm2,901,Текст,,project tree,project tree,дерево проекта,дерево проекта,жоба ағашы,projektbaum,albero progetto,дарахти лоиҳа,loyiha daraxti,arborescence projet
SearchTerm3,902,Текст,,chatgpt code,chatgpt code,chatgpt код,chatgpt код,chatgpt коды,chatgpt code,codice chatgpt,коди chatgpt,chatgpt kodi,code chatgpt
SearchTerm4,903,Текст,,structure export,structure export,экспорт структуры,экспорт структуры,құрылым экспорты,strukturexport,export struttura,содироти сохтор,tuzilma eksporti,export structure
SearchTerm5,904,Текст,,ai codebase,ai codebase,кодовая база,кодовая база,ai codebase,ki codebasis,codebase ia,codebase ai,ai codebase,codebase ia
SearchTerm6,905,Текст,,git viewer,git viewer,git просмотр,git просмотр,git қарау,git viewer,vista git,git намоиш,git korish,vue git
SearchTerm7,906,Текст,,claude context,claude context,claude контекст,claude контекст,claude контексті,claude kontext,contesto claude,контексти claude,claude konteksti,contexte claude
TrailerToPlayAtTopOfListing,999,Относительный путь (или URL-адрес файла в Центре партнеров),,,,,,,,,,,
Trailer1,1000,Относительный путь (или URL-адрес файла в Центре партнеров),,,,,,,,,,,
Trailer2,1001,Относительный путь (или URL-адрес файла в Центре партнеров),,,,,,,,,,,
Trailer3,1002,Относительный путь (или URL-адрес файла в Центре партнеров),,,,,,,,,,,
Trailer4,1003,Относительный путь (или URL-адрес файла в Центре партнеров),,,,,,,,,,,
Trailer5,1004,Относительный путь (или URL-адрес файла в Центре партнеров),,,,,,,,,,,
Trailer6,1005,Относительный путь (или URL-адрес файла в Центре партнеров),,,,,,,,,,,
Trailer7,1006,Относительный путь (или URL-адрес файла в Центре партнеров),,,,,,,,,,,
Trailer8,1007,Относительный путь (или URL-адрес файла в Центре партнеров),,,,,,,,,,,
Trailer9,1008,Относительный путь (или URL-адрес файла в Центре партнеров),,,,,,,,,,,
Trailer10,1009,Относительный путь (или URL-адрес файла в Центре партнеров),,,,,,,,,,,
Trailer11,1010,Относительный путь (или URL-адрес файла в Центре партнеров),,,,,,,,,,,
Trailer12,1011,Относительный путь (или URL-адрес файла в Центре партнеров),,,,,,,,,,,
Trailer13,1012,Относительный путь (или URL-адрес файла в Центре партнеров),,,,,,,,,,,
Trailer14,1013,Относительный путь (или URL-адрес файла в Центре партнеров),,,,,,,,,,,
Trailer15,1014,Относительный путь (или URL-адрес файла в Центре партнеров),,,,,,,,,,,
TrailerTitle1,1020,Текст,,,,,,,,,,,
TrailerTitle2,1021,Текст,,,,,,,,,,,
TrailerTitle3,1022,Текст,,,,,,,,,,,
TrailerTitle4,1023,Текст,,,,,,,,,,,
TrailerTitle5,1024,Текст,,,,,,,,,,,
TrailerTitle6,1025,Текст,,,,,,,,,,,
TrailerTitle7,1026,Текст,,,,,,,,,,,
TrailerTitle8,1027,Текст,,,,,,,,,,,
TrailerTitle9,1028,Текст,,,,,,,,,,,
TrailerTitle10,1029,Текст,,,,,,,,,,,
TrailerTitle11,1030,Текст,,,,,,,,,,,
TrailerTitle12,1031,Текст,,,,,,,,,,,
TrailerTitle13,1032,Текст,,,,,,,,,,,
TrailerTitle14,1033,Текст,,,,,,,,,,,
TrailerTitle15,1034,Текст,,,,,,,,,,,
TrailerThumbnail1,1040,Относительный путь (или URL-адрес файла в Центре партнеров),,,,,,,,,,,
TrailerThumbnail2,1041,Относительный путь (или URL-адрес файла в Центре партнеров),,,,,,,,,,,
TrailerThumbnail3,1042,Относительный путь (или URL-адрес файла в Центре партнеров),,,,,,,,,,,
TrailerThumbnail4,1043,Относительный путь (или URL-адрес файла в Центре партнеров),,,,,,,,,,,
TrailerThumbnail5,1044,Относительный путь (или URL-адрес файла в Центре партнеров),,,,,,,,,,,
TrailerThumbnail6,1045,Относительный путь (или URL-адрес файла в Центре партнеров),,,,,,,,,,,
TrailerThumbnail7,1046,Относительный путь (или URL-адрес файла в Центре партнеров),,,,,,,,,,,
TrailerThumbnail8,1047,Относительный путь (или URL-адрес файла в Центре партнеров),,,,,,,,,,,
TrailerThumbnail9,1048,Относительный путь (или URL-адрес файла в Центре партнеров),,,,,,,,,,,
TrailerThumbnail10,1049,Относительный путь (или URL-адрес файла в Центре партнеров),,,,,,,,,,,
TrailerThumbnail11,1050,Относительный путь (или URL-адрес файла в Центре партнеров),,,,,,,,,,,
TrailerThumbnail12,1051,Относительный путь (или URL-адрес файла в Центре партнеров),,,,,,,,,,,
TrailerThumbnail13,1052,Относительный путь (или URL-адрес файла в Центре партнеров),,,,,,,,,,,
TrailerThumbnail14,1053,Относительный путь (или URL-адрес файла в Центре партнеров),,,,,,,,,,,
TrailerThumbnail15,1054,Относительный путь (или URL-адрес файла в Центре партнеров),,,,,,,,,,,
TrailerClosedCaption1,1055,Относительный путь (или URL-адрес файла в Центре партнеров),,,,,,,,,,,
TrailerClosedCaption2,1056,Относительный путь (или URL-адрес файла в Центре партнеров),,,,,,,,,,,
TrailerClosedCaption3,1057,Относительный путь (или URL-адрес файла в Центре партнеров),,,,,,,,,,,
TrailerClosedCaption4,1058,Относительный путь (или URL-адрес файла в Центре партнеров),,,,,,,,,,,
TrailerClosedCaption5,1059,Относительный путь (или URL-адрес файла в Центре партнеров),,,,,,,,,,,
TrailerClosedCaption6,1060,Относительный путь (или URL-адрес файла в Центре партнеров),,,,,,,,,,,
TrailerClosedCaption7,1061,Относительный путь (или URL-адрес файла в Центре партнеров),,,,,,,,,,,
TrailerClosedCaption8,1062,Относительный путь (или URL-адрес файла в Центре партнеров),,,,,,,,,,,
TrailerClosedCaption9,1063,Относительный путь (или URL-адрес файла в Центре партнеров),,,,,,,,,,,
TrailerClosedCaption10,1064,Относительный путь (или URL-адрес файла в Центре партнеров),,,,,,,,,,,
TrailerClosedCaption11,1065,Относительный путь (или URL-адрес файла в Центре партнеров),,,,,,,,,,,
TrailerClosedCaption12,1066,Относительный путь (или URL-адрес файла в Центре партнеров),,,,,,,,,,,
TrailerClosedCaption13,1067,Относительный путь (или URL-адрес файла в Центре партнеров),,,,,,,,,,,
TrailerClosedCaption14,1068,Относительный путь (или URL-адрес файла в Центре партнеров),,,,,,,,,,,
TrailerClosedCaption15,1069,Относительный путь (или URL-адрес файла в Центре партнеров),,,,,,,,,,,
TrailerAudioDescription1,1070,Относительный путь (или URL-адрес файла в Центре партнеров),,,,,,,,,,,
TrailerAudioDescription2,1071,Относительный путь (или URL-адрес файла в Центре партнеров),,,,,,,,,,,
TrailerAudioDescription3,1072,Относительный путь (или URL-адрес файла в Центре партнеров),,,,,,,,,,,
TrailerAudioDescription4,1073,Относительный путь (или URL-адрес файла в Центре партнеров),,,,,,,,,,,
TrailerAudioDescription5,1074,Относительный путь (или URL-адрес файла в Центре партнеров),,,,,,,,,,,
TrailerAudioDescription6,1075,Относительный путь (или URL-адрес файла в Центре партнеров),,,,,,,,,,,
TrailerAudioDescription7,1076,Относительный путь (или URL-адрес файла в Центре партнеров),,,,,,,,,,,
TrailerAudioDescription8,1077,Относительный путь (или URL-адрес файла в Центре партнеров),,,,,,,,,,,
TrailerAudioDescription9,1078,Относительный путь (или URL-адрес файла в Центре партнеров),,,,,,,,,,,
TrailerAudioDescription10,1079,Относительный путь (или URL-адрес файла в Центре партнеров),,,,,,,,,,,
TrailerAudioDescription11,1080,Относительный путь (или URL-адрес файла в Центре партнеров),,,,,,,,,,,
TrailerAudioDescription12,1081,Относительный путь (или URL-адрес файла в Центре партнеров),,,,,,,,,,,
TrailerAudioDescription13,1082,Относительный путь (или URL-адрес файла в Центре партнеров),,,,,,,,,,,
TrailerAudioDescription14,1083,Относительный путь (или URL-адрес файла в Центре партнеров),,,,,,,,,,,
TrailerAudioDescription15,1084,Относительный путь (или URL-адрес файла в Центре партнеров),,,,,,,,,,,
,,,,,,,,,,,,,
,,,,,,,,,,,,,
,,,,,,,,,,,,,
,,,,,,,,,,,,,
,,,,,,,,,,,,,
,,,,,,,,,,,,,
,,,,,,,,,,,,,
,,,,,,,,,,,,,
,,,,,,,,,,,,,
,,,,,,,,,,,,,
,,,,,,,,,,,,,
,,,,,,,,,,,,,
,,,,,,,,,,,,,
,,,,,,,,,,,,,
,,,,,,,,,,,,,
,,,,,,,,,,,,,
,,,,,,,,,,,,,
,,,,,,,,,,,,,
,,,,,,,,,,,,,
,,,,,,,,,,,,,
,,,,,,,,,,,,,
,,,,,,,,,,,,,
,,,,,,,,,,,,,
,,,,,,,,,,,,,
